Date,Timestamp,Open,High,Low,Close,Volume
20191223,00:00:00,1.10801,1.10801,1.10766,1.10767,1414.74000353366
20191223,00:30:00,1.10768,1.10768,1.1073,1.10762,1588.38000389934
20191223,01:00:00,1.10762,1.10771,1.10745,1.10766,1689.89000169933
20191223,01:30:00,1.10766,1.10788,1.10764,1.10784,1165.26000573486
20191223,02:00:00,1.10783,1.10784,1.10747,1.10761,1055.67999942601
20191223,02:30:00,1.10763,1.10785,1.10761,1.10784,749.760004140437
20191223,03:00:00,1.10783,1.10819,1.10777,1.10818,1201.29000476748
20191223,03:30:00,1.10818,1.1083,1.1081,1.10812,834.910000890493
20191223,04:00:00,1.10812,1.10818,1.10805,1.10808,754.030004411936
20191223,04:30:00,1.10811,1.10814,1.10779,1.10783,663.070003584027
20191223,05:00:00,1.10783,1.10802,1.10777,1.10793,1228.42000575364
20191223,05:30:00,1.10793,1.10832,1.10781,1.10821,822.770005650818
20191223,06:00:00,1.10822,1.1085,1.10821,1.10837,2356.27001713216
20191223,06:30:00,1.10838,1.10864,1.10836,1.10838,1624.61000776291
20191223,07:00:00,1.1084,1.10859,1.1082,1.10829,2734.67999970168
20191223,07:30:00,1.10829,1.10855,1.10815,1.10837,2411.6300054118
20191223,08:00:00,1.10836,1.1086,1.10802,1.10824,3189.33001305908
20191223,08:30:00,1.10823,1.10886,1.10823,1.10836,2836.20000561327
20191223,09:00:00,1.10837,1.10859,1.10816,1.10823,2906.97999913991
20191223,09:30:00,1.10823,1.10869,1.10807,1.10835,3831.16000787914
20191223,10:00:00,1.10833,1.1086,1.1081,1.10831,4303.80000520498
20191223,10:30:00,1.10831,1.10882,1.10819,1.10828,3908.39000425488
20191223,11:00:00,1.10829,1.10834,1.10769,1.10786,3236.88000814617
20191223,11:30:00,1.10785,1.1082,1.10765,1.10808,3478.83002411574
20191223,12:00:00,1.10808,1.10808,1.10748,1.10764,4346.11001241207
20191223,12:30:00,1.10766,1.10778,1.10716,1.10742,3022.51000554115
20191223,13:00:00,1.10743,1.10762,1.10699,1.10708,3616.86000945419
20191223,13:30:00,1.10708,1.10836,1.10699,1.10801,4304.42000836134
20191223,14:00:00,1.10802,1.10849,1.10765,1.10829,3322.44000914693
20191223,14:30:00,1.10828,1.10873,1.1082,1.10873,3279.99001191556
20191223,15:00:00,1.10871,1.10929,1.10857,1.10901,4576.11000227183
20191223,15:30:00,1.109,1.10958,1.10855,1.10871,4935.9900091663
20191223,16:00:00,1.10872,1.10897,1.10847,1.10885,3831.66000268608
20191223,16:30:00,1.10883,1.10942,1.10883,1.10897,3188.05000925809
20191223,17:00:00,1.10898,1.10912,1.10853,1.10907,2934.35000929981
20191223,17:30:00,1.10906,1.10919,1.10894,1.10909,2119.47001631558
20191223,18:00:00,1.10908,1.1093,1.10879,1.1089,1982.71001242846
20191223,18:30:00,1.1089,1.10903,1.10871,1.10896,764.690001063049
20191223,19:00:00,1.10896,1.10933,1.10896,1.10923,1277.58000540733
20191223,19:30:00,1.10923,1.10945,1.10921,1.10934,1972.70000047982
20191223,20:00:00,1.10932,1.10948,1.10921,1.10937,960.100001215935
20191223,20:30:00,1.1094,1.10943,1.10916,1.10922,1427.17000360787
20191223,21:00:00,1.10921,1.10944,1.10893,1.10899,548.380001373589
20191223,21:30:00,1.10898,1.10919,1.10884,1.10895,1292.25000526011
20191223,22:00:00,1.10895,1.10899,1.10888,1.10896,1260.26997435093
20191223,22:30:00,1.10896,1.10911,1.10884,1.10899,1891.41999391466
20191223,23:00:00,1.10899,1.10931,1.10895,1.10919,1054.60000370443
20191223,23:30:00,1.10921,1.10927,1.10905,1.10917,392.640000768006
20191224,00:00:00,1.10918,1.10938,1.10918,1.10923,1083.53000288457
20191224,00:30:00,1.10923,1.10931,1.10897,1.10908,1312.61000371724
20191224,01:00:00,1.10908,1.10925,1.109,1.10902,1535.2700054273
20191224,01:30:00,1.10903,1.10909,1.10869,1.10878,1387.05000276864
20191224,02:00:00,1.10877,1.1088,1.10852,1.10855,881.860005110502
20191224,02:30:00,1.10855,1.10886,1.10853,1.10878,871.870004862547
20191224,03:00:00,1.10877,1.10881,1.10858,1.1088,612.060001909733
20191224,03:30:00,1.1088,1.10896,1.10874,1.1089,659.890001580119
20191224,04:00:00,1.10891,1.10896,1.10879,1.10884,446.920002922416
20191224,04:30:00,1.10883,1.10887,1.10876,1.10881,431.250001341105
20191224,05:00:00,1.1088,1.10895,1.10875,1.10885,717.680002599955
20191224,05:30:00,1.10885,1.10895,1.10874,1.10895,812.310000807047
20191224,06:00:00,1.10893,1.10893,1.10855,1.10886,899.24000428617
20191224,06:30:00,1.10886,1.10897,1.10872,1.10873,1084.60000135005
20191224,07:00:00,1.10873,1.10888,1.10826,1.10832,1912.26000215858
20191224,07:30:00,1.10831,1.10865,1.10802,1.10852,2618.69000840187
20191224,08:00:00,1.10852,1.1088,1.10818,1.10867,2722.66000000387
20191224,08:30:00,1.10867,1.10879,1.10833,1.10839,2237.10000456125
20191224,09:00:00,1.10839,1.10852,1.108,1.10814,2630.59000729024
20191224,09:30:00,1.10813,1.1082,1.10748,1.1075,2455.88999924809
20191224,10:00:00,1.1075,1.1077,1.10718,1.1076,2776.93999840319
20191224,10:30:00,1.10761,1.10765,1.10704,1.10722,2063.29999864846
20191224,11:00:00,1.10722,1.10737,1.1069,1.10733,2618.81999694556
20191224,11:30:00,1.10735,1.10751,1.10699,1.10736,2336.33999740332
20191224,12:00:00,1.10737,1.10798,1.10727,1.10798,1973.30000205338
20191224,12:30:00,1.10798,1.10849,1.10788,1.1083,2322.81000270694
20191224,13:00:00,1.10831,1.10852,1.10782,1.10841,3332.2799974829
20191224,13:30:00,1.10841,1.10841,1.10759,1.10783,2937.52000232041
20191224,14:00:00,1.10783,1.10823,1.10775,1.10811,2064.89000243694
20191224,14:30:00,1.10811,1.10832,1.10779,1.10813,2226.67000239342
20191224,15:00:00,1.10815,1.10872,1.108,1.10851,3422.27000248432
20191224,15:30:00,1.10852,1.10901,1.10848,1.109,1766.15000177175
20191224,16:00:00,1.109,1.10919,1.1089,1.10917,2034.01999992877
20191224,16:30:00,1.10917,1.10934,1.10842,1.10842,2038.49000346661
20191224,17:00:00,1.10842,1.10866,1.10835,1.10865,1807.99999347329
20191224,17:30:00,1.10866,1.10878,1.10825,1.10876,1444.95999611914
20191224,18:00:00,1.10877,1.10878,1.10831,1.10842,2246.510008201
20191224,18:30:00,1.10841,1.10866,1.10814,1.10859,1542.32000076026
20191224,19:00:00,1.10862,1.10873,1.10836,1.10847,694.909999743104
20191224,19:30:00,1.10848,1.1087,1.10832,1.10854,533.950001984835
20191224,20:00:00,1.10854,1.10867,1.10831,1.10835,1224.19969220459
20191224,20:30:00,1.10835,1.10861,1.10813,1.10845,1352.4100000523
20191224,21:00:00,1.10846,1.10873,1.10844,1.10851,4606.34997905046
20191224,21:30:00,1.10857,1.10893,1.10833,1.10879,4043.23001054674
20191224,22:30:00,1.10876,1.10877,1.10875,1.10877,3.75
20191224,23:00:00,1.10877,1.10885,1.10873,1.10878,158.940000481904
20191224,23:30:00,1.10879,1.10879,1.10869,1.10873,84.0200004279613
20191225,00:00:00,1.10873,1.10885,1.10871,1.10884,105.75
20191225,00:30:00,1.10883,1.10884,1.10807,1.10813,156.440000317991
20191225,01:00:00,1.10822,1.10822,1.10795,1.1082,35.3200002238154
20191225,01:30:00,1.1081,1.1083,1.10802,1.1083,164.380000345409
20191225,02:00:00,1.10827,1.10827,1.10805,1.1081,145.249999806285
20191225,02:30:00,1.1081,1.10829,1.1081,1.10822,232.80000000447
20191225,03:00:00,1.10822,1.10869,1.10822,1.10849,86.5100000500679
20191225,03:30:00,1.10849,1.10872,1.10835,1.10865,66.2700000181794
20191225,04:00:00,1.10858,1.10866,1.10849,1.10853,73.299999833107
20191225,04:30:00,1.1085,1.10863,1.10839,1.10849,114.189998798072
20191225,05:00:00,1.10848,1.10862,1.10842,1.10848,119.800000011921
20191225,05:30:00,1.10849,1.10862,1.1084,1.10859,103.329999953508
20191225,06:00:00,1.10854,1.10862,1.10832,1.10839,93.490000076592
20191225,06:30:00,1.10839,1.10852,1.10813,1.1082,247.850002005696
20191225,07:00:00,1.10828,1.10879,1.1073,1.10761,175.999998867512
20191225,07:30:00,1.10762,1.1083,1.10758,1.10821,150.460000015795
20191225,22:00:00,1.10885,1.10924,1.10884,1.10912,331.259995222092
20191225,22:30:00,1.10914,1.10919,1.10906,1.10908,570.889999091625
20191225,23:00:00,1.10912,1.10929,1.10901,1.10928,1090.809999533
20191225,23:30:00,1.10928,1.10953,1.10923,1.10944,823.210005968809
20191226,00:00:00,1.10944,1.10948,1.10917,1.10917,755.820000864565
20191226,00:30:00,1.10918,1.10927,1.1089,1.10891,495.990001253784
20191226,01:00:00,1.10891,1.10915,1.10879,1.10914,1133.00999872386
20191226,01:30:00,1.10916,1.1092,1.10897,1.1091,597.340002216399
20191226,02:00:00,1.10909,1.10915,1.10896,1.10907,603.919998906553
20191226,02:30:00,1.10907,1.10928,1.109,1.10925,584.410001158714
20191226,03:00:00,1.10925,1.10938,1.10915,1.10929,475.820000261068
20191226,03:30:00,1.10932,1.10941,1.10901,1.10901,494.86000161618
20191226,04:00:00,1.109,1.10912,1.10893,1.10905,447.569999016821
20191226,04:30:00,1.10904,1.10907,1.10883,1.10892,382.429999470711
20191226,05:00:00,1.10891,1.10906,1.10891,1.10901,514.150001518428
20191226,05:30:00,1.10903,1.10911,1.10895,1.10899,678.830005958676
20191226,06:00:00,1.10899,1.10899,1.10875,1.10876,595.719997420907
20191226,06:30:00,1.10876,1.10882,1.1086,1.1086,407.200001806021
20191226,07:00:00,1.10861,1.10897,1.1086,1.10895,716.160003818572
20191226,07:30:00,1.10894,1.10918,1.10888,1.10903,1020.57000537217
20191226,08:00:00,1.10904,1.10964,1.109,1.10963,1218.60000512004
20191226,08:30:00,1.10962,1.10964,1.10934,1.10936,817.740003742278
20191226,09:00:00,1.10935,1.10947,1.10929,1.10935,727.670003429055
20191226,09:30:00,1.10935,1.10936,1.10914,1.10914,774.450001046062
20191226,10:00:00,1.10915,1.10919,1.10842,1.10856,991.060002058744
20191226,10:30:00,1.10857,1.10872,1.10838,1.10846,1116.03000149876
20191226,11:00:00,1.10846,1.10848,1.10821,1.10842,781.159999787807
20191226,11:30:00,1.10842,1.10871,1.10836,1.10854,749.460000596941
20191226,12:00:00,1.10853,1.10891,1.10853,1.10869,659.11000315845
20191226,12:30:00,1.10868,1.10927,1.10866,1.10923,901.630001090467
20191226,13:00:00,1.10924,1.10974,1.10905,1.10966,1729.23000039905
20191226,13:30:00,1.10965,1.10999,1.10944,1.1098,1918.18999613822
20191226,14:00:00,1.10981,1.11,1.1095,1.10961,1208.78000269085
20191226,14:30:00,1.10961,1.10989,1.10899,1.10909,1978.19000933319
20191226,15:00:00,1.10908,1.10967,1.10899,1.10947,1278.77000918984
20191226,15:30:00,1.10948,1.11,1.10948,1.10991,1707.47000840306
20191226,16:00:00,1.1099,1.11023,1.10954,1.11015,2185.76000311971
20191226,16:30:00,1.11015,1.11022,1.11004,1.11021,1406.46001126617
20191226,17:00:00,1.11021,1.11049,1.11021,1.11044,989.230003543198
20191226,17:30:00,1.11044,1.11049,1.11023,1.11026,1645.56000614911
20191226,18:00:00,1.11026,1.11059,1.11022,1.11058,1573.25000502169
20191226,18:30:00,1.11057,1.11088,1.11046,1.11088,673.860002994537
20191226,19:00:00,1.11088,1.11088,1.11032,1.11038,711.120000660419
20191226,19:30:00,1.11039,1.11087,1.11029,1.1103,1068.47000219673
20191226,20:00:00,1.1103,1.11046,1.11022,1.11032,1196.52999800444
20191226,20:30:00,1.11033,1.11038,1.10995,1.11027,1492.19900599122
20191226,21:00:00,1.11027,1.11032,1.11002,1.11016,943.02500025928
20191226,21:30:00,1.11016,1.11016,1.10953,1.10974,1685.99999970198
20191226,22:00:00,1.10973,1.10975,1.10965,1.10966,1855.87001550198
20191226,22:30:00,1.10966,1.10976,1.10964,1.10966,1939.82000356913
20191226,23:00:00,1.10966,1.10996,1.10966,1.10988,3172.24999502301
20191226,23:30:00,1.10989,1.11012,1.10983,1.11012,1486.88999450207
20191227,00:00:00,1.11013,1.11022,1.10987,1.10992,1653.68000150472
20191227,00:30:00,1.10992,1.1105,1.10991,1.1101,2151.98000308126
20191227,01:00:00,1.1101,1.11072,1.10995,1.11046,1938.92000529915
20191227,01:30:00,1.11046,1.11098,1.11044,1.11093,1639.16000194103
20191227,02:00:00,1.1109,1.11136,1.11082,1.11128,1736.35000033677
20191227,02:30:00,1.11127,1.11175,1.11122,1.11166,1442.65000610799
20191227,03:00:00,1.11166,1.112,1.11162,1.11193,1540.73000321537
20191227,03:30:00,1.11193,1.11196,1.11179,1.11186,1045.36000121385
20191227,04:00:00,1.11185,1.11187,1.11165,1.11173,823.120001077652
20191227,04:30:00,1.11173,1.11212,1.11169,1.11204,1288.84000418335
20191227,05:00:00,1.11204,1.11218,1.11196,1.11204,977.270000822842
20191227,05:30:00,1.11205,1.11221,1.11198,1.11207,928.660001598299
20191227,06:00:00,1.11208,1.11217,1.11175,1.11177,1203.33000492305
20191227,06:30:00,1.11177,1.11199,1.11177,1.11198,2051.58001092076
20191227,07:00:00,1.11197,1.11251,1.1119,1.11232,3263.45000854135
20191227,07:30:00,1.1123,1.11298,1.11207,1.11294,4292.96999210119
20191227,08:00:00,1.11295,1.11418,1.11295,1.11364,5515.68999427557
20191227,08:30:00,1.11365,1.1138,1.11317,1.11327,4657.31000075489
20191227,09:00:00,1.11328,1.11378,1.11312,1.1133,3397.31000083685
20191227,09:30:00,1.11331,1.11387,1.11313,1.11385,3359.72999740392
20191227,10:00:00,1.11386,1.11427,1.11372,1.11375,3629.68999320269
20191227,10:30:00,1.11375,1.11488,1.11364,1.11487,4474.00000738353
20191227,11:00:00,1.11486,1.11498,1.11445,1.11473,4314.4500015229
20191227,11:30:00,1.11473,1.11485,1.11437,1.11475,3190.6000040397
20191227,12:00:00,1.11475,1.11548,1.11455,1.11531,3541.82000487298
20191227,12:30:00,1.11532,1.11553,1.1149,1.11528,3895.62000063062
20191227,13:00:00,1.11527,1.11581,1.11509,1.11541,4796.13998862356
20191227,13:30:00,1.11539,1.11593,1.11529,1.11534,3525.27999901026
20191227,14:00:00,1.11535,1.11577,1.11519,1.11552,4311.54999812692
20191227,14:30:00,1.11553,1.11635,1.1155,1.1158,4415.2900147438
20191227,15:00:00,1.11581,1.11754,1.11573,1.11751,4991.84000016004
20191227,15:30:00,1.11753,1.11792,1.11621,1.11629,6606.15000882
20191227,16:00:00,1.11629,1.11764,1.11584,1.11745,5252.50000210106
20191227,16:30:00,1.11745,1.11755,1.11702,1.11733,2819.9899930656
20191227,17:00:00,1.11734,1.11786,1.1172,1.11773,2395.64999330789
20191227,17:30:00,1.11773,1.11844,1.11773,1.11836,2286.55999178439
20191227,18:00:00,1.11836,1.11843,1.11774,1.11799,2655.02999024093
20191227,18:30:00,1.11798,1.11844,1.11779,1.11838,1862.72999734432
20191227,19:00:00,1.11837,1.11883,1.11817,1.11824,2362.39999639243
20191227,19:30:00,1.11825,1.11875,1.11791,1.11873,1891.66999708861
20191227,20:00:00,1.11874,1.11874,1.118,1.11803,2125.16999293119
20191227,20:30:00,1.11803,1.11805,1.11753,1.11761,1631.07740052044
20191227,21:00:00,1.1176,1.1176,1.11709,1.11738,1112.05499703437
20191227,21:30:00,1.11743,1.11776,1.11712,1.11713,1580.54998753965
20191229,22:00:00,1.11736,1.11789,1.11718,1.11764,151.109399458393
20191229,22:30:00,1.11764,1.11791,1.11731,1.11791,380.589998841286
20191229,23:00:00,1.11784,1.11838,1.11762,1.1182,1804.99999915063
20191229,23:30:00,1.11821,1.11839,1.11796,1.11813,879.800002112985
20191230,00:00:00,1.11812,1.11842,1.11806,1.1184,1720.76000610739
20191230,00:30:00,1.11839,1.11879,1.11835,1.11877,1680.35000679642
20191230,01:00:00,1.11876,1.1193,1.11871,1.11905,1590.71000526845
20191230,01:30:00,1.11906,1.11952,1.11903,1.11945,1170.72000371665
20191230,02:00:00,1.11945,1.12009,1.11915,1.11999,1818.83000200242
20191230,02:30:00,1.11999,1.12048,1.11996,1.12042,1783.39000441879
20191230,03:00:00,1.12041,1.12108,1.1204,1.12046,1565.21000640839
20191230,03:30:00,1.12046,1.12046,1.1198,1.1199,1668.80000700057
20191230,04:00:00,1.11991,1.11992,1.11958,1.11972,979.730000287294
20191230,04:30:00,1.11972,1.12012,1.11966,1.11966,922.850001312792
20191230,05:00:00,1.11966,1.1201,1.11952,1.1201,1041.71000033617
20191230,05:30:00,1.12009,1.12051,1.12008,1.12027,897.770000763237
20191230,06:00:00,1.12027,1.12029,1.11927,1.11953,1571.06000605971
20191230,06:30:00,1.11955,1.11957,1.11921,1.11955,1126.11000004411
20191230,07:00:00,1.11955,1.12052,1.11945,1.12031,3886.75000159442
20191230,07:30:00,1.12032,1.12058,1.11949,1.11959,3924.27999468148
20191230,08:00:00,1.11959,1.12045,1.11935,1.11971,4125.77999764681
20191230,08:30:00,1.11972,1.12019,1.11956,1.11969,3640.4400042221
20191230,09:00:00,1.1197,1.11977,1.11916,1.11916,3020.10000614822
20191230,09:30:00,1.11916,1.11999,1.11899,1.11995,3021.59999283403
20191230,10:00:00,1.11994,1.12023,1.11973,1.11974,3629.93999320269
20191230,10:30:00,1.11972,1.11974,1.11897,1.11938,9129.12003900111
20191230,11:00:00,1.11937,1.12023,1.11933,1.11976,4088.08000078052
20191230,11:30:00,1.11975,1.11979,1.11905,1.11916,3503.98999731243
20191230,12:00:00,1.11915,1.11943,1.11894,1.11896,3675.23000416905
20191230,12:30:00,1.11896,1.11908,1.1186,1.11896,3181.62000306696
20191230,13:00:00,1.11896,1.11921,1.11845,1.11845,3823.46000839025
20191230,13:30:00,1.11845,1.11951,1.11815,1.11948,3712.91000169516
20191230,14:00:00,1.11947,1.12009,1.11885,1.11956,5520.03001739085
20191230,14:30:00,1.11956,1.12079,1.11954,1.12059,7775.21003083885
20191230,15:00:00,1.12058,1.12068,1.11996,1.12011,7580.44000867754
20191230,15:30:00,1.12012,1.12049,1.11969,1.12009,5095.67000032961
20191230,16:00:00,1.12009,1.12185,1.12008,1.12164,5449.89000866562
20191230,16:30:00,1.12164,1.12207,1.12146,1.12161,4230.36998864263
20191230,17:00:00,1.12162,1.12167,1.12116,1.12143,2390.98998972774
20191230,17:30:00,1.12143,1.12161,1.12088,1.12105,2406.40999682248
20191230,18:00:00,1.12105,1.12121,1.12082,1.12102,1800.91999810189
20191230,18:30:00,1.12102,1.12103,1.12019,1.12029,1926.13999563456
20191230,19:00:00,1.12032,1.12045,1.12009,1.12015,1446.9600026235
20191230,19:30:00,1.12014,1.12025,1.11999,1.12021,1400.37000630796
20191230,20:00:00,1.1202,1.12035,1.1198,1.11991,1903.58000086993
20191230,20:30:00,1.11991,1.11997,1.11963,1.11983,1521.58500214666
20191230,21:00:00,1.11983,1.12022,1.11979,1.12009,669.540002457798
20191230,21:30:00,1.1201,1.12027,1.11978,1.11985,706.740000545979
20191230,22:00:00,1.11985,1.12042,1.11985,1.11997,442.319999830797
20191230,22:30:00,1.11997,1.12036,1.11974,1.11995,1033.44000140578
20191230,23:00:00,1.12029,1.12035,1.12016,1.12028,712.730000980198
20191230,23:30:00,1.12029,1.12033,1.12012,1.12013,859.240000165999
20191231,00:00:00,1.12013,1.12036,1.1201,1.12036,916.510000273585
20191231,00:30:00,1.12035,1.1205,1.1203,1.12035,763.890003360808
20191231,01:00:00,1.12035,1.12101,1.12034,1.12101,1463.64000362903
20191231,01:30:00,1.12101,1.12138,1.12095,1.12126,1669.77000737935
20191231,02:00:00,1.12126,1.12147,1.12115,1.12125,1262.60000743717
20191231,02:30:00,1.12125,1.12132,1.12098,1.12099,1134.17000477016
20191231,03:00:00,1.12097,1.12097,1.12031,1.12032,1368.14000099152
20191231,03:30:00,1.12031,1.12043,1.11987,1.12034,1106.58000060171
20191231,04:00:00,1.12034,1.12054,1.12031,1.12041,758.090001277626
20191231,04:30:00,1.12042,1.12042,1.12027,1.12031,493.490002691746
20191231,05:00:00,1.12032,1.12044,1.1202,1.12043,626.190000414848
20191231,05:30:00,1.12044,1.12069,1.12032,1.12068,888.020002320409
20191231,06:00:00,1.12068,1.12069,1.12053,1.12063,681.079999789596
20191231,06:30:00,1.12061,1.12063,1.1204,1.12059,708.800000533462
20191231,07:00:00,1.12059,1.12083,1.1203,1.12043,1886.29000077397
20191231,07:30:00,1.12043,1.12063,1.12038,1.12054,2037.76000193506
20191231,08:00:00,1.12057,1.12102,1.12029,1.12072,3454.81999854743
20191231,08:30:00,1.12071,1.12134,1.12065,1.12121,2569.61000350863
20191231,09:00:00,1.12121,1.12146,1.12072,1.12144,3012.79000215977
20191231,09:30:00,1.12144,1.12174,1.12112,1.12136,2492.64000543207
20191231,10:00:00,1.12137,1.12163,1.12086,1.12142,3690.44999799132
20191231,10:30:00,1.12141,1.1218,1.12134,1.12173,2981.1800096482
20191231,11:00:00,1.12173,1.12219,1.12161,1.12196,3299.29000894725
20191231,11:30:00,1.12196,1.12283,1.12191,1.12277,4748.6600209251
20191231,12:00:00,1.12277,1.12319,1.12271,1.12288,3497.35000042617
20191231,12:30:00,1.1229,1.12329,1.1228,1.12306,2715.8399996832
20191231,13:00:00,1.12307,1.1234,1.12289,1.1231,3471.48999635875
20191231,13:30:00,1.12311,1.12389,1.12302,1.12379,3455.57000219077
20191231,14:00:00,1.12381,1.12391,1.12317,1.12327,3997.26999945194
20191231,14:30:00,1.12327,1.12351,1.1218,1.12206,6087.20999164879
20191231,15:00:00,1.12198,1.12299,1.12171,1.12238,6748.09999236465
20191231,15:30:00,1.12238,1.12327,1.12205,1.12238,8027.98000671715
20191231,16:00:00,1.12237,1.12287,1.12162,1.1222,6212.13000961393
20191231,16:30:00,1.12219,1.12313,1.12219,1.12263,4883.92000871152
20191231,17:00:00,1.12263,1.12272,1.12228,1.12259,2637.00000216067
20191231,17:30:00,1.12258,1.12294,1.12233,1.12291,2262.82000248879
20191231,18:00:00,1.12289,1.12289,1.12237,1.12245,1487.77000515163
20191231,18:30:00,1.12245,1.12255,1.12226,1.12232,998.690000332892
20191231,19:00:00,1.12231,1.12237,1.12193,1.12201,1966.56999599189
20191231,19:30:00,1.12201,1.12213,1.12168,1.1217,1323.15000338852
20191231,20:00:00,1.1217,1.12182,1.12147,1.12157,1040.51999658346
20191231,20:30:00,1.12158,1.12184,1.12149,1.12174,1238.52999862283
20191231,21:00:00,1.12174,1.12174,1.12138,1.12143,884.7999984622
20191231,21:30:00,1.12143,1.12151,1.12076,1.12076,825.38999351114
20200101,22:00:00,1.12106,1.12154,1.12106,1.12146,444.330002009869
20200101,22:30:00,1.12147,1.12166,1.12138,1.12143,766.329999744892
20200101,23:00:00,1.12143,1.12218,1.12142,1.1221,815.370000503957
20200101,23:30:00,1.1221,1.12216,1.12176,1.12188,586.289999462664
20200102,00:00:00,1.12188,1.1219,1.12157,1.12161,1025.30000124872
20200102,00:30:00,1.12161,1.1219,1.12157,1.12183,764.609998732805
20200102,01:00:00,1.12182,1.12244,1.1218,1.12236,1774.29000421613
20200102,01:30:00,1.12234,1.12237,1.1218,1.12209,1358.47000383586
20200102,02:00:00,1.1221,1.12217,1.12184,1.12216,1411.21000116318
20200102,02:30:00,1.12216,1.12245,1.12211,1.12222,707.760002762079
20200102,03:00:00,1.12224,1.12231,1.1218,1.12181,1174.13000456244
20200102,03:30:00,1.12181,1.12181,1.12124,1.12132,1376.52000383288
20200102,04:00:00,1.12132,1.12143,1.12119,1.12121,928.760002106428
20200102,04:30:00,1.12122,1.12122,1.12008,1.12012,1729.93999899924
20200102,05:00:00,1.12011,1.12034,1.12009,1.12016,2394.46000431478
20200102,05:30:00,1.12017,1.12044,1.12013,1.12043,1029.94000169635
20200102,06:00:00,1.12044,1.1207,1.12042,1.12053,1903.0300039798
20200102,06:30:00,1.12054,1.12077,1.12036,1.12077,1427.33000380546
20200102,07:00:00,1.12078,1.12099,1.12056,1.12062,3419.11000739783
20200102,07:30:00,1.12065,1.12102,1.12043,1.12098,3333.74000525475
20200102,08:00:00,1.12099,1.12137,1.12051,1.12073,4513.36999839544
20200102,08:30:00,1.12073,1.12125,1.12059,1.1212,2683.5200053975
20200102,09:00:00,1.12119,1.12141,1.12092,1.121,3309.41999904066
20200102,09:30:00,1.12099,1.12111,1.12011,1.1203,3619.57000137866
20200102,10:00:00,1.1203,1.12039,1.11927,1.11933,3870.60000333935
20200102,10:30:00,1.11933,1.11997,1.11927,1.11982,3361.19000760466
20200102,11:00:00,1.11984,1.12021,1.11942,1.11946,4410.95999992639
20200102,11:30:00,1.11947,1.11954,1.11842,1.11848,4457.18000171334
20200102,12:00:00,1.11847,1.11925,1.11829,1.11916,3758.80000303686
20200102,12:30:00,1.11917,1.11943,1.11899,1.1193,3254.52000454813
20200102,13:00:00,1.11929,1.11969,1.11909,1.11952,4369.50999928266
20200102,13:30:00,1.11951,1.1197,1.11896,1.11963,183829.359553888
20200102,14:00:00,1.11963,1.11965,1.11766,1.11773,71177.0702532977
20200102,14:30:00,1.11774,1.11802,1.117,1.11741,50471.8902262077
20200102,15:00:00,1.11739,1.1178,1.11708,1.11739,28999.3499756604
20200102,15:30:00,1.11738,1.12023,1.11724,1.12005,13483.3899900392
20200102,16:00:00,1.12006,1.1203,1.11829,1.11845,37825.3098750338
20200102,16:30:00,1.11844,1.11866,1.11651,1.11661,6270.28000305593
20200102,17:00:00,1.11661,1.11711,1.11635,1.11705,5010.15001194924
20200102,17:30:00,1.11706,1.11719,1.11645,1.11698,3137.4900078848
20200102,18:00:00,1.11698,1.11712,1.11636,1.11674,3796.76999459416
20200102,18:30:00,1.11675,1.11723,1.11663,1.11702,3061.9299980998
20200102,19:00:00,1.11702,1.11703,1.11675,1.11681,2667.40999747813
20200102,19:30:00,1.11682,1.11682,1.11642,1.11663,2961.12999878079
20200102,20:00:00,1.11662,1.11715,1.11659,1.1171,1963.56999733299
20200102,20:30:00,1.1171,1.11712,1.11667,1.11693,1727.43999680877
20200102,21:00:00,1.11692,1.11735,1.11689,1.11733,873.277998998761
20200102,21:30:00,1.11733,1.11733,1.11712,1.11722,644.300001733005
20200102,22:00:00,1.11722,1.11726,1.11687,1.11714,593.100000619888
20200102,22:30:00,1.11715,1.1173,1.1171,1.11713,244.599999472499
20200102,23:00:00,1.11712,1.11734,1.11712,1.11729,578.980002447963
20200102,23:30:00,1.1173,1.11734,1.11701,1.11708,535.080002598464
20200103,00:00:00,1.11707,1.11738,1.11698,1.11725,681.180001229048
20200103,00:30:00,1.11725,1.1176,1.11723,1.11754,1089.4500034079
20200103,01:00:00,1.11753,1.11784,1.11745,1.11759,1149.98000220954
20200103,01:30:00,1.11759,1.11768,1.11722,1.11735,2185.49001020938
20200103,02:00:00,1.11735,1.11772,1.11733,1.11763,2785.74001003057
20200103,02:30:00,1.11763,1.11774,1.11718,1.11725,3413.2200088203
20200103,03:00:00,1.11725,1.11733,1.11695,1.11718,1964.01000780612
20200103,03:30:00,1.11718,1.11736,1.11712,1.1172,1551.52000299096
20200103,04:00:00,1.1172,1.11749,1.1172,1.11735,1397.09000266343
20200103,04:30:00,1.11736,1.11742,1.11685,1.117,1355.44000398368
20200103,05:00:00,1.117,1.11706,1.11643,1.11663,1999.24000770599
20200103,05:30:00,1.11664,1.11701,1.11657,1.11663,2028.25000537187
20200103,06:00:00,1.11663,1.11682,1.11638,1.11675,1929.3400047496
20200103,06:30:00,1.11674,1.11695,1.11672,1.11691,1066.3900032565
20200103,07:00:00,1.11691,1.11715,1.11565,1.11585,4677.78000035882
20200103,07:30:00,1.11586,1.11602,1.11521,1.11532,4556.44000493735
20200103,08:00:00,1.11531,1.11604,1.1152,1.11583,5457.91001103818
20200103,08:30:00,1.11581,1.1159,1.11505,1.11512,6818.56993096322
20200103,09:00:00,1.11512,1.11522,1.1143,1.1147,5480.10999008268
20200103,09:30:00,1.1147,1.11496,1.114,1.11401,6057.49998807907
20200103,10:00:00,1.114,1.11433,1.11315,1.11348,6343.83999747783
20200103,10:30:00,1.11347,1.11367,1.11307,1.1136,4365.10000099987
20200103,11:00:00,1.11361,1.11361,1.11266,1.11297,4410.65000353009
20200103,11:30:00,1.11298,1.11312,1.11249,1.113,4697.74000716209
20200103,12:00:00,1.113,1.11326,1.11281,1.11302,3548.28000668436
20200103,12:30:00,1.11302,1.11426,1.11297,1.11391,4562.93000710011
20200103,13:00:00,1.11392,1.11488,1.11375,1.11457,5968.520008035
20200103,13:30:00,1.11458,1.11478,1.11373,1.11381,4392.01000011712
20200103,14:00:00,1.1138,1.11491,1.11353,1.11464,5052.38002160937
20200103,14:30:00,1.11465,1.11541,1.11462,1.11522,6127.5000134781
20200103,15:00:00,1.11525,1.11669,1.11525,1.1163,7725.96001573652
20200103,15:30:00,1.11631,1.11674,1.1156,1.11633,5552.66000974923
20200103,16:00:00,1.11634,1.11744,1.11624,1.11736,30133.0601946935
20200103,16:30:00,1.11735,1.11798,1.11711,1.11719,4815.20000980794
20200103,17:00:00,1.1172,1.1174,1.11708,1.11727,2983.47999572754
20200103,17:30:00,1.11726,1.11736,1.11679,1.11721,2336.49000092596
20200103,18:00:00,1.11721,1.11732,1.11697,1.11701,2253.70999570191
20200103,18:30:00,1.11701,1.11716,1.11659,1.11666,3515.50999677181
20200103,19:00:00,1.11665,1.11681,1.11612,1.11628,3848.76999054849
20200103,19:30:00,1.11628,1.11677,1.11615,1.11673,2498.15000483394
20200103,20:00:00,1.11673,1.11674,1.11615,1.11618,1589.63999545574
20200103,20:30:00,1.11617,1.11619,1.116,1.11616,1546.98500110954
20200103,21:00:00,1.11614,1.1162,1.11578,1.116,902.064998462796
20200103,21:30:00,1.11598,1.11601,1.11523,1.11548,591.509998969734
20200105,22:00:00,1.11656,1.11667,1.11589,1.11603,209.849999606609
20200105,22:30:00,1.11602,1.11616,1.1159,1.11594,183.36000110209
20200105,23:00:00,1.11595,1.11676,1.11592,1.11674,1855.73000071198
20200105,23:30:00,1.11672,1.11677,1.11603,1.11604,2149.15999999642
20200106,00:00:00,1.11603,1.11681,1.116,1.11671,1963.1499992162
20200106,00:30:00,1.1167,1.11685,1.11628,1.11635,2007.910005413
20200106,01:00:00,1.11635,1.11653,1.11617,1.11633,2509.85000368953
20200106,01:30:00,1.11635,1.11639,1.11612,1.11627,2134.36000686139
20200106,02:00:00,1.11628,1.11666,1.11624,1.11664,1333.51000130177
20200106,02:30:00,1.11664,1.11671,1.11644,1.11653,1314.4400036931
20200106,03:00:00,1.11654,1.11707,1.11653,1.11703,1250.8800047189
20200106,03:30:00,1.11703,1.11709,1.11656,1.11657,2419.68000356853
20200106,04:00:00,1.11658,1.11661,1.11624,1.11633,2348.47001279145
20200106,04:30:00,1.11632,1.11644,1.11616,1.11642,2043.70001298934
20200106,05:00:00,1.11644,1.11651,1.11636,1.11644,1233.37000443786
20200106,05:30:00,1.11644,1.11647,1.11606,1.11623,1393.20000206679
20200106,06:00:00,1.11622,1.11624,1.11571,1.11603,2012.41000281274
20200106,06:30:00,1.11603,1.11615,1.11574,1.11607,1691.70000361651
20200106,07:00:00,1.11606,1.1165,1.11597,1.1163,3928.73000220954
20200106,07:30:00,1.11628,1.11667,1.11615,1.11646,3654.42000126839
20200106,08:00:00,1.11647,1.11698,1.11632,1.11667,4684.35001146793
20200106,08:30:00,1.11666,1.11799,1.11653,1.11785,4605.90000779182
20200106,09:00:00,1.11786,1.11814,1.11751,1.1179,4574.39999430627
20200106,09:30:00,1.1179,1.11936,1.11786,1.11932,5716.590011172
20200106,10:00:00,1.11934,1.11996,1.11899,1.11961,4919.30000552535
20200106,10:30:00,1.11962,1.11982,1.11924,1.11964,3523.80000768602
20200106,11:00:00,1.11963,1.12053,1.11962,1.12024,4615.61000232399
20200106,11:30:00,1.12024,1.12055,1.12009,1.12032,3351.07001268119
20200106,12:00:00,1.12032,1.12043,1.11958,1.1198,3339.13000500947
20200106,12:30:00,1.11981,1.11998,1.11951,1.11981,3031.95000484586
20200106,13:00:00,1.11982,1.12002,1.11911,1.11958,4650.6199914515
20200106,13:30:00,1.11959,1.12032,1.1195,1.11976,4071.52000395209
20200106,14:00:00,1.11976,1.12002,1.11929,1.11946,6480.45997812599
20200106,14:30:00,1.11947,1.11962,1.11825,1.11831,6102.52999718487
20200106,15:00:00,1.11832,1.11881,1.11826,1.11876,4729.14000079781
20200106,15:30:00,1.11875,1.11902,1.11821,1.11886,6626.92000538111
20200106,16:00:00,1.11887,1.11896,1.11809,1.11858,4891.57000107318
20200106,16:30:00,1.11857,1.11879,1.11846,1.11872,4147.18000190705
20200106,17:00:00,1.11872,1.1196,1.11842,1.11929,3270.17000417411
20200106,17:30:00,1.11929,1.1195,1.11906,1.1195,2146.12000156939
20200106,18:00:00,1.11952,1.11966,1.11932,1.11955,2196.44000124186
20200106,18:30:00,1.11956,1.11979,1.11917,1.11919,2192.46000189334
20200106,19:00:00,1.11918,1.11928,1.11901,1.1192,1724.86999709159
20200106,19:30:00,1.11919,1.11922,1.11879,1.11912,2080.09000167996
20200106,20:00:00,1.11914,1.11917,1.11889,1.11903,1534.78999826312
20200106,20:30:00,1.11902,1.11939,1.11893,1.11936,1897.80500166118
20200106,21:00:00,1.11936,1.11955,1.11928,1.11946,708.219999596477
20200106,21:30:00,1.11946,1.11989,1.11946,1.11968,522.100000724196
20200106,22:00:00,1.1196,1.1196,1.11928,1.11955,784.089998215437
20200106,22:30:00,1.11955,1.11961,1.11951,1.11955,1556.21999794245
20200106,23:00:00,1.11955,1.11975,1.11946,1.11951,1113.28000557423
20200106,23:30:00,1.11951,1.11963,1.11941,1.11954,936.810002550483
20200107,00:00:00,1.11953,1.11954,1.1193,1.11937,1166.30999807268
20200107,00:30:00,1.11936,1.11937,1.11891,1.11897,1662.82000087947
20200107,01:00:00,1.11897,1.1197,1.11896,1.11964,1255.49000412971
20200107,01:30:00,1.11965,1.1197,1.11933,1.11934,1774.6800082922
20200107,02:00:00,1.11934,1.11934,1.11915,1.11918,1457.84000768512
20200107,02:30:00,1.11917,1.11923,1.11909,1.11913,879.930004611611
20200107,03:00:00,1.11914,1.11943,1.11912,1.1193,1430.67000374198
20200107,03:30:00,1.1193,1.11943,1.1192,1.11922,848.070001676679
20200107,04:00:00,1.11921,1.11934,1.11911,1.1193,1314.0800018236
20200107,04:30:00,1.11929,1.11933,1.11905,1.11909,870.370002545416
20200107,05:00:00,1.11908,1.11924,1.11902,1.11914,892.120003812015
20200107,05:30:00,1.11915,1.11919,1.11828,1.1183,1726.57000190765
20200107,06:00:00,1.11829,1.11886,1.11809,1.11852,3418.6400051564
20200107,06:30:00,1.11853,1.11897,1.11809,1.11816,2789.29000543803
20200107,07:00:00,1.11815,1.11854,1.11782,1.11815,4030.80000054091
20200107,07:30:00,1.11814,1.11817,1.11729,1.1174,4645.58000639826
20200107,08:00:00,1.1174,1.11809,1.11726,1.11806,5453.99001108855
20200107,08:30:00,1.11805,1.11875,1.11802,1.11847,4931.40001299977
20200107,09:00:00,1.11846,1.11896,1.11809,1.11829,4323.71000894159
20200107,09:30:00,1.11829,1.11849,1.11805,1.11845,3657.03000400215
20200107,10:00:00,1.11846,1.11862,1.11648,1.11662,5947.61001083255
20200107,10:30:00,1.11664,1.11766,1.11661,1.11762,3959.90001458675
20200107,11:00:00,1.11762,1.11794,1.1172,1.11787,4819.17000027001
20200107,11:30:00,1.11788,1.11849,1.11763,1.11816,5053.40001168102
20200107,12:00:00,1.11817,1.11831,1.11771,1.11795,4697.51000823081
20200107,12:30:00,1.11796,1.11805,1.11708,1.11748,4396.86001867801
20200107,13:00:00,1.11746,1.11778,1.11677,1.11737,6182.76001413912
20200107,13:30:00,1.11736,1.11738,1.11548,1.11561,6672.32002212852
20200107,14:00:00,1.1156,1.11622,1.1155,1.11577,5467.79000219703
20200107,14:30:00,1.11576,1.11599,1.11465,1.11478,7222.85001065582
20200107,15:00:00,1.11476,1.11516,1.11376,1.11399,8168.72000704706
20200107,15:30:00,1.11398,1.11426,1.11342,1.11417,6703.75000252575
20200107,16:00:00,1.11417,1.11439,1.11335,1.11384,4826.05999708921
20200107,16:30:00,1.11383,1.11394,1.11342,1.11369,3640.13001178205
20200107,17:00:00,1.11369,1.11461,1.11366,1.1144,3533.73000752926
20200107,17:30:00,1.11442,1.11473,1.11416,1.11424,3176.60000068694
20200107,18:00:00,1.11425,1.11495,1.11414,1.11489,2511.10000255704
20200107,18:30:00,1.11489,1.11492,1.11433,1.11434,1687.49999990314
20200107,19:00:00,1.11435,1.11442,1.11417,1.11433,2287.68000187725
20200107,19:30:00,1.11432,1.1145,1.1142,1.11445,2356.26000910252
20200107,20:00:00,1.11446,1.11477,1.11446,1.11464,1758.52000173926
20200107,20:30:00,1.11464,1.11464,1.11423,1.11438,2630.18499752879
20200107,21:00:00,1.11439,1.11465,1.11437,1.11457,707.830002598464
20200107,21:30:00,1.11456,1.11536,1.11452,1.11526,1573.83000402898
20200107,22:00:00,1.11529,1.11536,1.11476,1.11488,810.20999892056
20200107,22:30:00,1.11488,1.11494,1.11447,1.11477,779.549998767674
20200107,23:00:00,1.11473,1.1154,1.11462,1.11523,1723.0000006631
20200107,23:30:00,1.11523,1.11544,1.11475,1.1154,3769.88000273705
20200108,00:00:00,1.11539,1.11682,1.11525,1.11623,6742.28000591695
20200108,00:30:00,1.11624,1.11654,1.11585,1.11586,5314.36000591516
20200108,01:00:00,1.11585,1.11632,1.11584,1.11591,4739.4600090906
20200108,01:30:00,1.11591,1.11626,1.11548,1.11557,4497.79000785947
20200108,02:00:00,1.11557,1.1157,1.11539,1.11553,3095.90000186861
20200108,02:30:00,1.11551,1.11613,1.11531,1.11586,4186.6300137192
20200108,03:00:00,1.11587,1.11591,1.11563,1.11571,2664.70000600815
20200108,03:30:00,1.11571,1.11581,1.11536,1.11546,1689.90000309795
20200108,04:00:00,1.11545,1.11557,1.11504,1.11504,1249.57000399381
20200108,04:30:00,1.11505,1.11505,1.1145,1.11476,1900.71999748796
20200108,05:00:00,1.11478,1.11498,1.11473,1.11494,1923.30000597239
20200108,05:30:00,1.11493,1.11513,1.1148,1.11492,1646.54000499099
20200108,06:00:00,1.11491,1.11539,1.11484,1.1153,1911.94000217319
20200108,06:30:00,1.1153,1.11533,1.11486,1.115,2011.94000403583
20200108,07:00:00,1.11501,1.11548,1.11447,1.11452,4672.59000970423
20200108,07:30:00,1.11451,1.11549,1.11432,1.11511,5163.11001390964
20200108,08:00:00,1.11513,1.11533,1.11312,1.11374,9500.43002732843
20200108,08:30:00,1.11374,1.11374,1.11301,1.11348,6348.95000658184
20200108,09:00:00,1.11349,1.11355,1.11253,1.11352,5150.45000261068
20200108,09:30:00,1.11352,1.11447,1.11342,1.11383,6484.35001598299
20200108,10:00:00,1.11382,1.11385,1.113,1.11309,5501.41999331862
20200108,10:30:00,1.11308,1.11328,1.11254,1.11273,4747.60999957472
20200108,11:00:00,1.11274,1.11309,1.11196,1.11286,4862.27999410778
20200108,11:30:00,1.11286,1.11311,1.11247,1.11271,8163.67999305576
20200108,12:00:00,1.11271,1.11307,1.11219,1.11247,4806.93000007421
20200108,12:30:00,1.11248,1.11262,1.11139,1.11167,6717.19001037627
20200108,13:00:00,1.11166,1.11194,1.11111,1.11147,7831.60999915004
20200108,13:30:00,1.11147,1.11224,1.11145,1.11199,5982.41999579966
20200108,14:00:00,1.112,1.11249,1.11176,1.11247,4963.80000931025
20200108,14:30:00,1.11248,1.11269,1.11176,1.11245,6025.90000347793
20200108,15:00:00,1.11244,1.11308,1.11222,1.11238,4826.92999711633
20200108,15:30:00,1.11237,1.11238,1.11153,1.11198,6458.60000108927
20200108,16:00:00,1.11197,1.11201,1.11087,1.11123,4581.73000166565
20200108,16:30:00,1.11123,1.11179,1.11102,1.11164,8907.59999687225
20200108,17:00:00,1.11163,1.11259,1.11155,1.11207,6346.7199992463
20200108,17:30:00,1.11208,1.11216,1.11131,1.1118,4552.18999084085
20200108,18:00:00,1.1118,1.1118,1.11104,1.11147,3935.4200046882
20200108,18:30:00,1.11146,1.11158,1.11106,1.11131,1876.56000242382
20200108,19:00:00,1.11133,1.1114,1.11081,1.11102,1888.09000019729
20200108,19:30:00,1.11105,1.11129,1.11098,1.11112,2024.02000083029
20200108,20:00:00,1.11113,1.11119,1.11097,1.11114,1597.49999915063
20200108,20:30:00,1.11114,1.11148,1.11103,1.11118,3374.86999481916
20200108,21:00:00,1.11119,1.11127,1.11081,1.11093,995.009998440742
20200108,21:30:00,1.11092,1.11094,1.11016,1.11053,944.639999702573
20200108,22:00:00,1.11053,1.11146,1.11033,1.11105,597.800000555813
20200108,22:30:00,1.11104,1.11131,1.11088,1.11097,453.330001756549
20200108,23:00:00,1.11098,1.11104,1.11071,1.11102,581.159999005497
20200108,23:30:00,1.11102,1.1113,1.11097,1.11129,817.030001923442
20200109,00:00:00,1.1113,1.11144,1.11091,1.11134,2397.5200061202
20200109,00:30:00,1.11133,1.11159,1.11122,1.11134,2744.57000005245
20200109,01:00:00,1.11135,1.11149,1.1111,1.11133,1822.45000033081
20200109,01:30:00,1.11132,1.11195,1.11131,1.11174,2649.18000404537
20200109,02:00:00,1.11173,1.1119,1.11153,1.1116,1660.25000561029
20200109,02:30:00,1.11161,1.11174,1.11145,1.11152,1194.69000079483
20200109,03:00:00,1.11152,1.11163,1.11141,1.11159,1137.00000312179
20200109,03:30:00,1.1116,1.11179,1.11152,1.11152,1234.95000154525
20200109,04:00:00,1.11153,1.11157,1.11127,1.11137,965.300001814961
20200109,04:30:00,1.11138,1.11158,1.11133,1.11154,1220.89000667632
20200109,05:00:00,1.11154,1.11172,1.11151,1.11168,957.940000280738
20200109,05:30:00,1.11169,1.11189,1.11161,1.11182,1098.48000614345
20200109,06:00:00,1.11182,1.1119,1.11147,1.11148,1554.06000835449
20200109,06:30:00,1.11147,1.11157,1.11111,1.11123,2807.26000782847
20200109,07:00:00,1.11123,1.11164,1.1111,1.11156,3480.69000437111
20200109,07:30:00,1.11156,1.11204,1.11131,1.11152,4329.82000399381
20200109,08:00:00,1.11152,1.11162,1.11051,1.11117,5493.70000709593
20200109,08:30:00,1.11117,1.11177,1.11105,1.11172,4184.54001186043
20200109,09:00:00,1.11172,1.1119,1.11103,1.11105,4728.41000088304
20200109,09:30:00,1.11104,1.11111,1.10984,1.10995,7208.26999460906
20200109,10:00:00,1.10994,1.11039,1.10966,1.11037,4216.76999647915
20200109,10:30:00,1.11038,1.11118,1.1103,1.11096,3484.61000530422
20200109,11:00:00,1.11096,1.11126,1.11084,1.111,3215.43000851572
20200109,11:30:00,1.11101,1.11107,1.11034,1.11046,2940.62999617308
20200109,12:00:00,1.11045,1.11128,1.11033,1.1111,4032.26999416947
20200109,12:30:00,1.1111,1.11167,1.11106,1.11135,4643.96000186354
20200109,13:00:00,1.11135,1.11143,1.11058,1.11116,5149.45000816882
20200109,13:30:00,1.11115,1.11173,1.1111,1.11148,4305.80999998003
20200109,14:00:00,1.11149,1.11149,1.11038,1.11063,6083.10002095997
20200109,14:30:00,1.11062,1.11101,1.11046,1.11082,4831.06002175063
20200109,15:00:00,1.11082,1.11107,1.11024,1.11063,4384.22000460327
20200109,15:30:00,1.11062,1.11063,1.10924,1.11022,6791.78999435902
20200109,16:00:00,1.11021,1.11023,1.10935,1.1098,7888.80001103878
20200109,16:30:00,1.1098,1.11061,1.10976,1.1106,3731.1400051415
20200109,17:00:00,1.11059,1.11097,1.11037,1.11091,5047.92000597715
20200109,17:30:00,1.11092,1.11113,1.11046,1.11046,2785.9900085032
20200109,18:00:00,1.11046,1.11086,1.11033,1.11071,3294.37000396848
20200109,18:30:00,1.11072,1.11082,1.11045,1.1105,3106.10000056773
20200109,19:00:00,1.11051,1.11098,1.11049,1.11088,1695.76999851316
20200109,19:30:00,1.11089,1.11093,1.11059,1.11061,1699.43000742048
20200109,20:00:00,1.1106,1.11073,1.1105,1.11055,1481.68000274897
20200109,20:30:00,1.11055,1.11065,1.11038,1.11062,1699.55499829352
20200109,21:00:00,1.11062,1.11068,1.11034,1.11038,802.280001178384
20200109,21:30:00,1.11038,1.11069,1.11038,1.11051,662.220000162721
20200109,22:00:00,1.11051,1.11066,1.11028,1.1105,485.55000038445
20200109,22:30:00,1.1105,1.11066,1.11045,1.11065,532.41999900341
20200109,23:00:00,1.11065,1.11076,1.11063,1.1107,460.779999375343
20200109,23:30:00,1.11069,1.11093,1.11063,1.11093,529.170002914965
20200110,00:00:00,1.11092,1.11094,1.11066,1.11072,1005.04999965429
20200110,00:30:00,1.11072,1.11091,1.1106,1.11069,1601.79000081867
20200110,01:00:00,1.11069,1.11073,1.11056,1.11062,1063.11999857426
20200110,01:30:00,1.11063,1.11073,1.1102,1.11042,1349.69000322372
20200110,02:00:00,1.11041,1.11053,1.11036,1.11043,1529.60000479221
20200110,02:30:00,1.11043,1.11083,1.11036,1.11079,1111.52000227571
20200110,03:00:00,1.1108,1.11087,1.11071,1.11072,848.620003260672
20200110,03:30:00,1.11073,1.11084,1.11071,1.11081,836.730002500117
20200110,04:00:00,1.11081,1.1109,1.11064,1.11086,1093.13000173122
20200110,04:30:00,1.11086,1.11111,1.11068,1.11074,702.099999904633
20200110,05:00:00,1.11074,1.11091,1.1107,1.1109,802.800003699958
20200110,05:30:00,1.11091,1.111,1.11079,1.11089,1033.75000277907
20200110,06:00:00,1.1109,1.11101,1.11074,1.11083,1291.76000331342
20200110,06:30:00,1.11083,1.11091,1.11068,1.11091,1121.23000511527
20200110,07:00:00,1.11092,1.1111,1.1108,1.11089,2299.39000950009
20200110,07:30:00,1.11089,1.11089,1.11042,1.1107,2956.29000231624
20200110,08:00:00,1.11069,1.11092,1.11011,1.11016,3761.97999386489
20200110,08:30:00,1.11017,1.11019,1.10932,1.10993,4709.24000563473
20200110,09:00:00,1.10994,1.10994,1.10912,1.10945,4242.04000170529
20200110,09:30:00,1.10945,1.11,1.10938,1.10963,5158.67003307492
20200110,10:00:00,1.10963,1.10984,1.1095,1.10972,3410.32000710815
20200110,10:30:00,1.10972,1.10972,1.10902,1.10926,3863.86999055743
20200110,11:00:00,1.10926,1.10926,1.1085,1.1092,3238.62999692559
20200110,11:30:00,1.10923,1.10962,1.10915,1.1093,2635.7800013274
20200110,12:00:00,1.10929,1.10954,1.10916,1.10952,3041.40999863297
20200110,12:30:00,1.10953,1.10994,1.10947,1.10984,2669.93000508845
20200110,13:00:00,1.10984,1.10996,1.10898,1.10921,4865.79000332952
20200110,13:30:00,1.10926,1.11136,1.10925,1.10966,10126.7299939916
20200110,14:00:00,1.10967,1.1099,1.10862,1.10963,7935.87001216412
20200110,14:30:00,1.10963,1.11034,1.10927,1.11007,6253.09001731128
20200110,15:00:00,1.11006,1.11117,1.10983,1.11083,6007.36000350118
20200110,15:30:00,1.11082,1.11179,1.11077,1.11128,7180.53001268208
20200110,16:00:00,1.11128,1.11182,1.11111,1.11155,4862.12000542879
20200110,16:30:00,1.11155,1.11205,1.11136,1.1118,3692.72000070661
20200110,17:00:00,1.11179,1.11291,1.11179,1.11258,4025.85999787599
20200110,17:30:00,1.11259,1.11265,1.11205,1.11224,2795.64999932051
20200110,18:00:00,1.11223,1.11232,1.11192,1.11206,3005.58000266552
20200110,18:30:00,1.11206,1.11214,1.11183,1.11184,1321.04000082612
20200110,19:00:00,1.11186,1.11212,1.11171,1.11208,1755.6099999398
20200110,19:30:00,1.11211,1.11232,1.11206,1.1122,1424.92000137269
20200110,20:00:00,1.11221,1.11221,1.11194,1.112,1153.85000061989
20200110,20:30:00,1.11201,1.11219,1.11198,1.1121,1152.17250026762
20200110,21:00:00,1.1121,1.11225,1.11198,1.11198,853.669999562204
20200110,21:30:00,1.11199,1.11223,1.11165,1.11165,989.229986749589
20200112,22:00:00,1.11141,1.11209,1.11141,1.11196,222.160000264645
20200112,22:30:00,1.11195,1.11196,1.11128,1.11166,420.388000406325
20200112,23:00:00,1.11166,1.11182,1.11146,1.1116,787.340000070632
20200112,23:30:00,1.1116,1.11167,1.11151,1.11161,459.190000876784
20200113,00:00:00,1.11161,1.11187,1.1116,1.11163,835.820000179112
20200113,00:30:00,1.11163,1.11187,1.11159,1.11187,667.740002624691
20200113,01:00:00,1.11186,1.112,1.11172,1.11197,1169.92000061274
20200113,01:30:00,1.11197,1.11214,1.11188,1.11213,928.020001150668
20200113,02:00:00,1.11213,1.11215,1.112,1.11207,1168.93999823928
20200113,02:30:00,1.11208,1.11261,1.11205,1.11258,986.390004582703
20200113,03:00:00,1.11257,1.11285,1.11252,1.11264,1656.3600089848
20200113,03:30:00,1.11264,1.11299,1.11263,1.11293,1086.13000293076
20200113,04:00:00,1.11292,1.11306,1.11274,1.11292,870.750011004508
20200113,04:30:00,1.11293,1.11303,1.11272,1.11272,501.670000724494
20200113,05:00:00,1.11272,1.113,1.11271,1.11289,855.470000386238
20200113,05:30:00,1.11287,1.11318,1.11286,1.11297,882.13000356406
20200113,06:00:00,1.11296,1.11298,1.1125,1.11292,1320.40000312775
20200113,06:30:00,1.11293,1.11302,1.11277,1.11287,906.830001652241
20200113,07:00:00,1.11287,1.11301,1.11246,1.11273,2534.11001002043
20200113,07:30:00,1.11272,1.113,1.1122,1.11227,3376.99999874085
20200113,08:00:00,1.11227,1.11286,1.112,1.11231,11657.3600548133
20200113,08:30:00,1.11232,1.11296,1.11214,1.1128,4356.3500379622
20200113,09:00:00,1.1128,1.11361,1.11195,1.11216,6177.95000872761
20200113,09:30:00,1.11216,1.11216,1.11147,1.11151,4212.0599996075
20200113,10:00:00,1.11151,1.11195,1.11125,1.11174,3354.15000201017
20200113,10:30:00,1.11174,1.11188,1.11145,1.11167,3599.22000275552
20200113,11:00:00,1.11167,1.11222,1.11164,1.11195,3125.89999832958
20200113,11:30:00,1.11199,1.1124,1.11175,1.11204,3206.42000152171
20200113,12:00:00,1.11204,1.11258,1.11184,1.11254,3519.92000537366
20200113,12:30:00,1.11252,1.11262,1.11192,1.11246,3356.81999900192
20200113,13:00:00,1.11245,1.11284,1.11242,1.11246,3579.37000536919
20200113,13:30:00,1.11245,1.11249,1.11182,1.11186,4250.06999538094
20200113,14:00:00,1.11187,1.11227,1.11175,1.11204,4895.89997658879
20200113,14:30:00,1.11205,1.11267,1.112,1.1124,6612.80999521911
20200113,15:00:00,1.11239,1.11298,1.1121,1.11295,5189.41999134421
20200113,15:30:00,1.11295,1.11382,1.11293,1.11331,5035.99999350309
20200113,16:00:00,1.1133,1.11442,1.11325,1.11434,4369.23999651521
20200113,16:30:00,1.11434,1.11469,1.1137,1.11372,3669.78998947144
20200113,17:00:00,1.11372,1.11404,1.11366,1.11399,2174.94000485539
20200113,17:30:00,1.11398,1.11418,1.11355,1.11397,1854.74999689311
20200113,18:00:00,1.11397,1.11448,1.11384,1.11431,1940.32000092417
20200113,18:30:00,1.11431,1.11431,1.11394,1.11396,1537.01999856532
20200113,19:00:00,1.11395,1.11414,1.11382,1.11391,2504.39005048573
20200113,19:30:00,1.11392,1.11407,1.11376,1.11382,1234.59000086784
20200113,20:00:00,1.11381,1.11386,1.11367,1.11376,1458.35999834538
20200113,20:30:00,1.11376,1.11382,1.11361,1.11375,1031.2800039947
20200113,21:00:00,1.11376,1.11379,1.11341,1.11361,813.822497799993
20200113,21:30:00,1.11362,1.11363,1.11331,1.11338,650.149999387562
20200113,22:00:00,1.11338,1.1139,1.1132,1.11376,854.71000008285
20200113,22:30:00,1.11374,1.11388,1.11352,1.11353,283.6500005126
20200113,23:00:00,1.11355,1.11364,1.11352,1.1136,565.439998432994
20200113,23:30:00,1.11359,1.11365,1.11333,1.11344,640.939999341965
20200114,00:00:00,1.11344,1.11396,1.11339,1.11388,1356.12000416964
20200114,00:30:00,1.11388,1.11421,1.1137,1.11383,1357.58000347018
20200114,01:00:00,1.11384,1.11409,1.11347,1.11349,2721.59001322091
20200114,01:30:00,1.11351,1.11372,1.11312,1.11371,2541.40000151098
20200114,02:00:00,1.11372,1.11384,1.11353,1.11364,1510.58000007272
20200114,02:30:00,1.11364,1.11386,1.11361,1.11372,1717.74000338465
20200114,03:00:00,1.11373,1.11387,1.11352,1.11374,1557.01000010222
20200114,03:30:00,1.11373,1.11377,1.11354,1.11355,1402.56000193954
20200114,04:00:00,1.11356,1.11381,1.11355,1.11371,967.180003546178
20200114,04:30:00,1.11371,1.11374,1.11357,1.11364,848.910005450249
20200114,05:00:00,1.11365,1.11375,1.11359,1.11363,686.220001198351
20200114,05:30:00,1.11361,1.11384,1.1136,1.1137,1357.64000660181
20200114,06:00:00,1.11369,1.11416,1.11348,1.1141,1379.84000515193
20200114,06:30:00,1.1141,1.11444,1.11391,1.11444,2123.99000523239
20200114,07:00:00,1.11444,1.11444,1.11373,1.11436,3538.62001262605
20200114,07:30:00,1.11435,1.11435,1.11377,1.11423,3383.81999644637
20200114,08:00:00,1.11423,1.1144,1.11353,1.1137,4781.20000068843
20200114,08:30:00,1.11369,1.11415,1.11333,1.11352,4748.8700010553
20200114,09:00:00,1.11351,1.11356,1.11304,1.11345,3599.27000355721
20200114,09:30:00,1.11344,1.11349,1.11303,1.11313,3352.82999102026
20200114,10:00:00,1.11313,1.11328,1.11284,1.11314,2672.1099980101
20200114,10:30:00,1.11315,1.11354,1.11312,1.11339,2692.88000582904
20200114,11:00:00,1.11338,1.11345,1.11289,1.11291,3992.70999693871
20200114,11:30:00,1.11292,1.11326,1.11263,1.11303,4592.70001323521
20200114,12:00:00,1.11303,1.11303,1.11194,1.11236,4647.55999049544
20200114,12:30:00,1.11236,1.11245,1.11194,1.11207,3759.38000486046
20200114,13:00:00,1.11206,1.11208,1.11055,1.11097,6572.01000671089
20200114,13:30:00,1.11097,1.11159,1.11051,1.11102,7740.29000432789
20200114,14:00:00,1.11102,1.11132,1.11045,1.11126,7194.17001500726
20200114,14:30:00,1.11126,1.11234,1.11122,1.11216,6730.83999982476
20200114,15:00:00,1.11216,1.11223,1.11159,1.1118,7416.94000496715
20200114,15:30:00,1.11181,1.11232,1.11138,1.11221,5869.67000412196
20200114,16:00:00,1.11222,1.11283,1.11202,1.11242,4778.29000194371
20200114,16:30:00,1.11241,1.11304,1.11238,1.11295,2907.42000836879
20200114,17:00:00,1.11295,1.11327,1.11273,1.11316,2222.39999704063
20200114,17:30:00,1.11316,1.11325,1.11296,1.1131,2363.85000407696
20200114,18:00:00,1.1131,1.11327,1.11298,1.1131,2090.88999606669
20200114,18:30:00,1.1131,1.11348,1.11305,1.11314,3043.79999875277
20200114,19:00:00,1.11313,1.11329,1.11303,1.11321,1939.19999718666
20200114,19:30:00,1.1132,1.1132,1.11279,1.1128,1724.18999247998
20200114,20:00:00,1.11279,1.11298,1.1127,1.11297,1526.02999459952
20200114,20:30:00,1.11296,1.11302,1.11277,1.11283,1979.53999701142
20200114,21:00:00,1.11283,1.11283,1.1125,1.11255,1141.84999892116
20200114,21:30:00,1.11254,1.11284,1.11246,1.11274,535.080001711845
20200114,22:00:00,1.11284,1.11287,1.11259,1.11267,496.219999670982
20200114,22:30:00,1.11267,1.11272,1.1126,1.11262,411.840003177524
20200114,23:00:00,1.11262,1.1128,1.11262,1.11274,446.260002531111
20200114,23:30:00,1.11274,1.1128,1.11261,1.11275,753.830001763999
20200115,00:00:00,1.11276,1.11302,1.1127,1.113,951.650002464652
20200115,00:30:00,1.113,1.11307,1.11286,1.11295,1129.26000346988
20200115,01:00:00,1.11294,1.11311,1.11274,1.11274,1314.53000585735
20200115,01:30:00,1.11275,1.11301,1.11272,1.11296,1448.76000615209
20200115,02:00:00,1.11295,1.11311,1.11294,1.11295,1431.85999831557
20200115,02:30:00,1.11295,1.11297,1.1127,1.11291,1034.96000440419
20200115,03:00:00,1.11292,1.11301,1.1128,1.11297,840.340001575649
20200115,03:30:00,1.11297,1.11311,1.11289,1.11302,803.420000702143
20200115,04:00:00,1.11303,1.11316,1.11297,1.11316,883.930004484952
20200115,04:30:00,1.11316,1.11337,1.11315,1.11331,1142.19000234455
20200115,05:00:00,1.1133,1.11332,1.11316,1.11326,1016.30000402778
20200115,05:30:00,1.11325,1.11346,1.11319,1.11339,766.130002140999
20200115,06:00:00,1.11339,1.11364,1.11329,1.11348,1432.32000619173
20200115,06:30:00,1.11347,1.11356,1.11322,1.11355,1548.8999998197
20200115,07:00:00,1.11355,1.11368,1.11335,1.11349,2161.10000408441
20200115,07:30:00,1.11348,1.11355,1.11271,1.11284,6702.08992530406
20200115,08:00:00,1.11283,1.11287,1.11185,1.11231,4891.20001429319
20200115,08:30:00,1.11231,1.11308,1.1122,1.11301,4147.9800016582
20200115,09:00:00,1.113,1.11321,1.11257,1.1132,4012.31998879462
20200115,09:30:00,1.11318,1.11334,1.11275,1.11282,4875.27999223024
20200115,10:00:00,1.11282,1.11306,1.11249,1.11306,2931.21001018584
20200115,10:30:00,1.11305,1.11393,1.11293,1.11387,3326.99000484496
20200115,11:00:00,1.11387,1.11549,1.1138,1.115,6127.93998085707
20200115,11:30:00,1.115,1.11514,1.11456,1.1148,3914.72999776155
20200115,12:00:00,1.11478,1.11525,1.1147,1.11475,3128.97000181675
20200115,12:30:00,1.11474,1.11481,1.11396,1.1141,3633.09999360144
20200115,13:00:00,1.11416,1.11459,1.114,1.11447,4741.29999618977
20200115,13:30:00,1.11447,1.11494,1.1143,1.1149,22034.7497677207
20200115,14:00:00,1.11489,1.11607,1.11486,1.11602,5541.74002551287
20200115,14:30:00,1.11602,1.11634,1.11512,1.11522,6751.92999986559
20200115,15:00:00,1.11523,1.11548,1.11431,1.11536,6462.65001563728
20200115,15:30:00,1.11537,1.11537,1.1145,1.11521,6311.56999089569
20200115,16:00:00,1.11522,1.11594,1.11496,1.11554,5099.36999274045
20200115,16:30:00,1.11555,1.11599,1.11543,1.11595,3199.22999625653
20200115,17:00:00,1.11596,1.1161,1.11562,1.11605,3227.14999231696
20200115,17:30:00,1.11605,1.11614,1.11566,1.11576,2587.58999851346
20200115,18:00:00,1.11575,1.11596,1.11545,1.11546,2076.79000226408
20200115,18:30:00,1.11545,1.11553,1.11497,1.11516,2217.6699976027
20200115,19:00:00,1.11515,1.11528,1.11494,1.11527,3877.49003210664
20200115,19:30:00,1.11527,1.1154,1.11494,1.11504,1924.94000289589
20200115,20:00:00,1.11504,1.11511,1.11482,1.11482,1701.79000001401
20200115,20:30:00,1.11482,1.11529,1.11482,1.11523,1768.63999803364
20200115,21:00:00,1.11523,1.11523,1.11486,1.11487,838.165000975132
20200115,21:30:00,1.11486,1.11506,1.11481,1.11495,687.169996611774
20200115,22:00:00,1.11492,1.11539,1.1149,1.11523,450.250001937151
20200115,22:30:00,1.11522,1.11534,1.11504,1.11514,1265.18999937177
20200115,23:00:00,1.11515,1.1153,1.115,1.11505,620.470000185072
20200115,23:30:00,1.11507,1.11526,1.11505,1.11524,750.090000331402
20200116,00:00:00,1.11524,1.1158,1.11523,1.11574,1625.21000692993
20200116,00:30:00,1.11573,1.11577,1.11539,1.11548,968.970004677773
20200116,01:00:00,1.11548,1.11552,1.11536,1.11544,1395.42000420392
20200116,01:30:00,1.11544,1.11546,1.1153,1.11535,1274.49999693036
20200116,02:00:00,1.11534,1.11537,1.11517,1.11518,920.390000872314
20200116,02:30:00,1.11519,1.11522,1.11507,1.11516,2098.33998208493
20200116,03:00:00,1.11516,1.11549,1.11513,1.11544,821.1900030002
20200116,03:30:00,1.11545,1.1155,1.11526,1.11527,894.110004618764
20200116,04:00:00,1.11527,1.11534,1.11525,1.11526,720.940002478659
20200116,04:30:00,1.11526,1.11534,1.11507,1.1151,951.850006230176
20200116,05:00:00,1.11511,1.11524,1.11509,1.11509,787.320005528629
20200116,05:30:00,1.11509,1.11513,1.11496,1.11498,1202.82000365853
20200116,06:00:00,1.11498,1.11498,1.11455,1.11461,1377.78000637144
20200116,06:30:00,1.11459,1.11504,1.11445,1.11503,1784.44000659883
20200116,07:00:00,1.11503,1.11529,1.11458,1.1148,3182.01999801397
20200116,07:30:00,1.11478,1.11507,1.11451,1.11476,3159.52000644058
20200116,08:00:00,1.11478,1.11566,1.11458,1.11547,3977.58000705391
20200116,08:30:00,1.11546,1.11637,1.11546,1.11562,5494.26001609117
20200116,09:00:00,1.11564,1.11593,1.11537,1.11537,3588.30999814719
20200116,09:30:00,1.11537,1.11567,1.11502,1.11534,3877.16000824422
20200116,10:00:00,1.11533,1.11632,1.11526,1.11621,3134.75000073016
20200116,10:30:00,1.11621,1.11624,1.11561,1.11573,2771.37000012398
20200116,11:00:00,1.11573,1.11606,1.11566,1.11597,2597.13999744505
20200116,11:30:00,1.11598,1.11604,1.11557,1.11589,2411.24999414384
20200116,12:00:00,1.11589,1.11622,1.11567,1.11619,2932.7599965483
20200116,12:30:00,1.1162,1.11727,1.11605,1.11647,5493.49999358505
20200116,13:00:00,1.11647,1.11697,1.11624,1.11651,5572.31999587268
20200116,13:30:00,1.11649,1.11656,1.11501,1.11514,7665.69000272453
20200116,14:00:00,1.11513,1.11602,1.11473,1.11563,5942.80001256615
20200116,14:30:00,1.11566,1.11566,1.11411,1.11414,8196.32001045346
20200116,15:00:00,1.11414,1.11468,1.1131,1.11377,7742.32000343502
20200116,15:30:00,1.11377,1.11427,1.11311,1.11407,8370.31002507359
20200116,16:00:00,1.11407,1.11423,1.11311,1.11323,6259.17001041025
20200116,16:30:00,1.11325,1.11355,1.11279,1.11302,4204.91999759525
20200116,17:00:00,1.11303,1.11344,1.11291,1.11342,2785.74000227451
20200116,17:30:00,1.11343,1.1136,1.11325,1.11346,2390.00000062585
20200116,18:00:00,1.11347,1.11361,1.11323,1.11345,2222.22001233697
20200116,18:30:00,1.11346,1.11352,1.11317,1.11346,1693.23999843001
20200116,19:00:00,1.11346,1.11352,1.11334,1.11334,1247.68999654055
20200116,19:30:00,1.11333,1.11355,1.11326,1.11348,1772.69999679178
20200116,20:00:00,1.11348,1.11366,1.11345,1.11358,1468.5199983567
20200116,20:30:00,1.11357,1.11381,1.11351,1.11379,1207.35499773175
20200116,21:00:00,1.11378,1.11381,1.11365,1.11372,673.900005474687
20200116,21:30:00,1.11372,1.11372,1.11343,1.11358,813.199997715652
20200116,22:00:00,1.11358,1.11378,1.11343,1.11357,1386.79999554157
20200116,22:30:00,1.11358,1.11374,1.11344,1.11372,477.37999958545
20200116,23:00:00,1.11371,1.11372,1.11355,1.11366,570.300002321601
20200116,23:30:00,1.11366,1.11376,1.11362,1.11368,679.270002029836
20200117,00:00:00,1.11368,1.1137,1.11351,1.11363,932.549999386072
20200117,00:30:00,1.11363,1.11392,1.11361,1.11374,1225.06999914348
20200117,01:00:00,1.11375,1.1139,1.11351,1.11353,1015.02000129968
20200117,01:30:00,1.11353,1.11376,1.11339,1.11368,2033.20999825001
20200117,02:00:00,1.11368,1.11417,1.11367,1.11414,1503.23000216484
20200117,02:30:00,1.11414,1.11425,1.11362,1.11362,1428.43000715971
20200117,03:00:00,1.11362,1.11378,1.11326,1.11334,1103.36000755429
20200117,03:30:00,1.11335,1.11347,1.11308,1.11309,1242.87000503391
20200117,04:00:00,1.11309,1.11337,1.11309,1.1132,1017.47000658512
20200117,04:30:00,1.11321,1.11327,1.11309,1.11319,912.829999551177
20200117,05:00:00,1.11318,1.11355,1.11318,1.11345,732.680002167821
20200117,05:30:00,1.11345,1.11376,1.11344,1.11364,887.300001047552
20200117,06:00:00,1.11364,1.11377,1.11347,1.11375,1307.29999933392
20200117,06:30:00,1.11374,1.11403,1.11374,1.11396,1233.85000143945
20200117,07:00:00,1.11395,1.11411,1.11364,1.11366,2806.11000451446
20200117,07:30:00,1.11366,1.11393,1.11348,1.11363,2563.36000464857
20200117,08:00:00,1.11363,1.11396,1.11341,1.11348,2960.77000935376
20200117,08:30:00,1.11347,1.11382,1.11339,1.11355,3304.8300056532
20200117,09:00:00,1.11355,1.11376,1.11311,1.1132,3574.11999913305
20200117,09:30:00,1.1132,1.11323,1.11248,1.11276,6399.83000567555
20200117,10:00:00,1.11275,1.11282,1.112,1.11203,4249.54000648856
20200117,10:30:00,1.11202,1.11227,1.11157,1.1116,4328.23999999464
20200117,11:00:00,1.11158,1.11158,1.11063,1.11102,5109.83000866324
20200117,11:30:00,1.11102,1.11131,1.11078,1.11123,3763.44000779837
20200117,12:00:00,1.11124,1.11147,1.111,1.11119,2904.63000880927
20200117,12:30:00,1.11118,1.11134,1.11059,1.11098,4790.68001357466
20200117,13:00:00,1.11097,1.11119,1.11027,1.1106,5099.28001438826
20200117,13:30:00,1.11059,1.11059,1.1098,1.11004,6999.65001605451
20200117,14:00:00,1.11004,1.11061,1.10956,1.11006,5738.27001688629
20200117,14:30:00,1.11005,1.11029,1.10979,1.11005,4778.65001479536
20200117,15:00:00,1.11007,1.11028,1.10944,1.10954,6085.38000989705
20200117,15:30:00,1.10954,1.10976,1.10862,1.10938,8845.14003568888
20200117,16:00:00,1.10938,1.10954,1.10888,1.1093,5117.8200154081
20200117,16:30:00,1.1093,1.10961,1.10917,1.10917,2536.97000858933
20200117,17:00:00,1.10917,1.10949,1.10896,1.10899,2351.00000391901
20200117,17:30:00,1.10901,1.10928,1.1088,1.10911,2619.38999854028
20200117,18:00:00,1.1091,1.10943,1.10902,1.10923,2063.02999729663
20200117,18:30:00,1.10923,1.10938,1.10912,1.10925,1186.27999848872
20200117,19:00:00,1.10926,1.10931,1.10905,1.10911,751.449998162687
20200117,19:30:00,1.10911,1.10946,1.10907,1.10931,1232.95999923348
20200117,20:00:00,1.1093,1.10933,1.10919,1.10927,1225.24999684095
20200117,20:30:00,1.10926,1.10927,1.10913,1.10927,1366.46750000305
20200117,21:00:00,1.10925,1.10928,1.1091,1.10911,1133.88000072539
20200117,21:30:00,1.10912,1.10916,1.10886,1.1089,1385.18999839574
20200119,22:00:00,1.1091,1.1093,1.10898,1.10898,229.130000062287
20200119,22:30:00,1.10898,1.10908,1.1089,1.10904,1275.69999247789
20200119,23:00:00,1.10904,1.10916,1.10889,1.10915,885.700001552701
20200119,23:30:00,1.10916,1.10948,1.10916,1.10946,884.939999125898
20200120,00:00:00,1.10946,1.10985,1.10939,1.10984,918.370002947748
20200120,00:30:00,1.10983,1.10984,1.10926,1.10928,2399.57000619918
20200120,01:00:00,1.10929,1.10977,1.10924,1.10969,1602.81001058221
20200120,01:30:00,1.1097,1.1097,1.10949,1.10962,1505.35000751168
20200120,02:00:00,1.10962,1.10968,1.10949,1.10964,976.660002395511
20200120,02:30:00,1.10965,1.10974,1.10954,1.10971,1020.85000455379
20200120,03:00:00,1.1097,1.10989,1.10968,1.10987,1016.17000664771
20200120,03:30:00,1.10986,1.10988,1.10951,1.10959,858.5200047791
20200120,04:00:00,1.10959,1.10964,1.1094,1.1095,751.680002585053
20200120,04:30:00,1.1095,1.10965,1.10948,1.10965,875.709998808801
20200120,05:00:00,1.10965,1.10966,1.10949,1.10951,1364.67001888901
20200120,05:30:00,1.1095,1.10989,1.1095,1.10979,887.950001329184
20200120,06:00:00,1.10979,1.11007,1.10975,1.11005,1419.21000634879
20200120,06:30:00,1.11005,1.11011,1.10982,1.11005,1281.05000205338
20200120,07:00:00,1.11006,1.11023,1.10975,1.10986,2385.47000560164
20200120,07:30:00,1.10985,1.1099,1.10939,1.10943,5171.84997732937
20200120,08:00:00,1.10943,1.10973,1.10892,1.10951,3781.93000729382
20200120,08:30:00,1.1095,1.1095,1.10886,1.1089,2684.99000406265
20200120,09:00:00,1.1089,1.10895,1.10821,1.10846,4245.13001225144
20200120,09:30:00,1.10846,1.10914,1.10846,1.10896,3347.81001324952
20200120,10:00:00,1.10895,1.10906,1.10833,1.10847,2422.73000551015
20200120,10:30:00,1.10848,1.10872,1.10829,1.10841,2326.4899995178
20200120,11:00:00,1.1084,1.10882,1.1084,1.10872,2124.36000356078
20200120,11:30:00,1.10872,1.10879,1.10848,1.10856,1988.45001088083
20200120,12:00:00,1.10857,1.10871,1.10827,1.10857,1246.28000436723
20200120,12:30:00,1.10857,1.10869,1.10831,1.10838,1869.81000936031
20200120,13:00:00,1.10839,1.10852,1.10806,1.10811,2782.99001129717
20200120,13:30:00,1.1081,1.10855,1.10805,1.10835,2614.41000375897
20200120,14:00:00,1.10834,1.10837,1.10792,1.10833,2550.430013448
20200120,14:30:00,1.10832,1.10845,1.10818,1.1082,1901.94000352919
20200120,15:00:00,1.10821,1.10852,1.10797,1.10833,2271.05001405627
20200120,15:30:00,1.10834,1.10837,1.10766,1.10827,3664.50001531839
20200120,16:00:00,1.10828,1.10853,1.10811,1.10833,2674.35000085831
20200120,16:30:00,1.10832,1.1086,1.10825,1.10838,1477.46000213921
20200120,17:00:00,1.10839,1.10861,1.10839,1.10857,3438.84999898076
20200120,17:30:00,1.10857,1.10867,1.10831,1.10834,1174.48999992758
20200120,18:00:00,1.10833,1.10835,1.10823,1.10825,1561.85000067949
20200120,18:30:00,1.10825,1.10906,1.10822,1.1089,1467.85000307858
20200120,19:00:00,1.1089,1.10915,1.10875,1.10914,1658.88999813795
20200120,19:30:00,1.10915,1.1092,1.10905,1.10918,698.660000987351
20200120,20:00:00,1.10918,1.10946,1.10913,1.10939,1262.44999839365
20200120,20:30:00,1.10939,1.10979,1.10932,1.10977,10361.4599796534
20200120,21:00:00,1.10975,1.10979,1.10951,1.10974,867.459998778999
20200120,21:30:00,1.10974,1.10976,1.10944,1.10944,1225.91000565886
20200120,22:00:00,1.10934,1.10968,1.10934,1.10961,1329.71000808477
20200120,22:30:00,1.10961,1.10977,1.10953,1.10968,514.030002579093
20200120,23:00:00,1.10968,1.10968,1.10933,1.10948,851.439999245107
20200120,23:30:00,1.1095,1.10968,1.10946,1.10962,771.120005600154
20200121,00:00:00,1.10963,1.10968,1.10931,1.1094,879.790003694594
20200121,00:30:00,1.1094,1.1094,1.10908,1.10923,934.210003852844
20200121,01:00:00,1.10922,1.1093,1.10887,1.10905,2322.94000892341
20200121,01:30:00,1.10905,1.10917,1.10895,1.10905,2160.85000377893
20200121,02:00:00,1.10906,1.10964,1.10906,1.10946,1396.03000506759
20200121,02:30:00,1.10945,1.10959,1.10921,1.10957,1435.78000359237
20200121,03:00:00,1.10958,1.10981,1.10953,1.10956,1670.69000036269
20200121,03:30:00,1.10957,1.10986,1.10941,1.10973,1318.99000117183
20200121,04:00:00,1.10973,1.10974,1.10946,1.10961,750.620001845062
20200121,04:30:00,1.10963,1.10993,1.10961,1.10992,925.520003095269
20200121,05:00:00,1.10992,1.10993,1.10971,1.10972,927.310002155602
20200121,05:30:00,1.10973,1.10973,1.1095,1.10952,983.680002048612
20200121,06:00:00,1.10952,1.10973,1.10937,1.10958,1259.00000327826
20200121,06:30:00,1.10958,1.10973,1.10941,1.10942,2025.95001463592
20200121,07:00:00,1.10941,1.10967,1.10927,1.10959,2856.72000461072
20200121,07:30:00,1.10962,1.10967,1.10915,1.10921,3626.31001272053
20200121,08:00:00,1.10922,1.10962,1.10864,1.10896,5387.56001082808
20200121,08:30:00,1.10896,1.10948,1.10864,1.10904,4469.67000418156
20200121,09:00:00,1.10904,1.10918,1.10855,1.10866,3661.61000293493
20200121,09:30:00,1.10867,1.10935,1.1086,1.10905,4658.04002506286
20200121,10:00:00,1.10907,1.11072,1.109,1.11055,5252.49001614749
20200121,10:30:00,1.11054,1.11099,1.11023,1.11038,4053.30001448095
20200121,11:00:00,1.11037,1.11089,1.11018,1.11082,4156.49000325799
20200121,11:30:00,1.11082,1.11101,1.11049,1.11055,3908.52001212537
20200121,12:00:00,1.11054,1.11068,1.10997,1.11002,3339.35000628978
20200121,12:30:00,1.11002,1.11091,1.11002,1.11079,3410.00002186745
20200121,13:00:00,1.11084,1.11179,1.11076,1.11166,7000.64003026485
20200121,13:30:00,1.11166,1.11174,1.11125,1.11136,4340.31001142412
20200121,14:00:00,1.11136,1.11137,1.11082,1.11127,4008.61001779139
20200121,14:30:00,1.11129,1.11137,1.11015,1.1103,7926.51003027707
20200121,15:00:00,1.11029,1.11037,1.10974,1.10992,5227.73001242429
20200121,15:30:00,1.10992,1.10994,1.10889,1.10977,5801.11000815779
20200121,16:00:00,1.10976,1.10998,1.10928,1.10958,4992.29001806676
20200121,16:30:00,1.10957,1.10972,1.1092,1.10957,3111.05000337213
20200121,17:00:00,1.10956,1.10964,1.10914,1.10915,1817.40999872237
20200121,17:30:00,1.10915,1.10926,1.10903,1.10917,1449.15000046045
20200121,18:00:00,1.10916,1.1095,1.10895,1.10928,2249.55000368506
20200121,18:30:00,1.10927,1.10948,1.10912,1.10924,2189.44000162929
20200121,19:00:00,1.10924,1.1094,1.10915,1.10933,1955.77000549436
20200121,19:30:00,1.10934,1.10952,1.1092,1.10948,1749.03999837488
20200121,20:00:00,1.10949,1.10952,1.10906,1.10909,1847.56999583542
20200121,20:30:00,1.10909,1.10913,1.10872,1.10872,1857.1099931486
20200121,21:00:00,1.10873,1.10881,1.10841,1.10851,1367.52499642968
20200121,21:30:00,1.10849,1.1085,1.10809,1.10819,2813.79999007285
20200121,22:00:00,1.10816,1.10846,1.10815,1.10826,563.175000563264
20200121,22:30:00,1.10828,1.10839,1.10816,1.10827,1563.98000001907
20200121,23:00:00,1.10827,1.10842,1.10825,1.10837,722.960002183914
20200121,23:30:00,1.10835,1.10856,1.10832,1.10851,940.280000954866
20200122,00:00:00,1.10851,1.10868,1.1084,1.10866,1150.8499988988
20200122,00:30:00,1.10867,1.10867,1.10821,1.10826,1191.13000226766
20200122,01:00:00,1.10826,1.10837,1.10802,1.10802,1524.62000188977
20200122,01:30:00,1.10802,1.10823,1.10776,1.10818,1602.90999712795
20200122,02:00:00,1.10818,1.10823,1.10773,1.10785,1623.53000321984
20200122,02:30:00,1.10786,1.10811,1.10777,1.10804,1635.11000537127
20200122,03:00:00,1.10803,1.10839,1.10797,1.10835,1349.53000836819
20200122,03:30:00,1.10836,1.10836,1.10808,1.10815,948.280007407069
20200122,04:00:00,1.10814,1.1083,1.10807,1.10828,618.350002139807
20200122,04:30:00,1.10829,1.10829,1.10807,1.10824,711.550002329051
20200122,05:00:00,1.10825,1.10841,1.1082,1.10835,869.410003572702
20200122,05:30:00,1.10835,1.10857,1.10834,1.10845,1326.63000442088
20200122,06:00:00,1.10845,1.10862,1.10814,1.10824,1516.76000794023
20200122,06:30:00,1.10825,1.10836,1.10808,1.10828,1494.01999961585
20200122,07:00:00,1.10829,1.10831,1.10753,1.10791,2151.91000433266
20200122,07:30:00,1.1079,1.1086,1.10782,1.10859,3644.92000778019
20200122,08:00:00,1.10859,1.10859,1.10769,1.1078,5218.72001757473
20200122,08:30:00,1.10779,1.10824,1.10749,1.10815,3571.07001151145
20200122,09:00:00,1.10815,1.10859,1.1078,1.10852,3637.03001613915
20200122,09:30:00,1.10852,1.10927,1.10848,1.10908,3913.87000527978
20200122,10:00:00,1.10908,1.10938,1.10903,1.10909,3647.61000540853
20200122,10:30:00,1.10909,1.10947,1.10858,1.10859,3098.53000947833
20200122,11:00:00,1.1086,1.10879,1.10797,1.10822,4722.29000408947
20200122,11:30:00,1.10823,1.10848,1.1078,1.10787,4142.31000279635
20200122,12:00:00,1.10787,1.10817,1.10771,1.10803,3586.40001150966
20200122,12:30:00,1.10804,1.10851,1.10789,1.10835,4354.28001496941
20200122,13:00:00,1.10835,1.1091,1.10822,1.10892,4720.94001937658
20200122,13:30:00,1.10891,1.10912,1.1085,1.10896,3883.14001060277
20200122,14:00:00,1.10897,1.10984,1.10886,1.1089,5569.8900052309
20200122,14:30:00,1.10889,1.10892,1.10726,1.10733,6094.33001799136
20200122,15:00:00,1.1073,1.10777,1.107,1.10759,8087.56000801176
20200122,15:30:00,1.10758,1.10781,1.10712,1.10754,6543.11000783741
20200122,16:00:00,1.10754,1.10912,1.10747,1.10872,5179.20999844372
20200122,16:30:00,1.10873,1.10891,1.10835,1.10846,2888.58999431133
20200122,17:00:00,1.10847,1.10899,1.10839,1.10868,2243.74999719858
20200122,17:30:00,1.10868,1.1087,1.10839,1.10856,2702.93999297172
20200122,18:00:00,1.10856,1.10862,1.10839,1.10848,1489.65999896824
20200122,18:30:00,1.10849,1.10871,1.10848,1.10869,1149.47999962419
20200122,19:00:00,1.10868,1.10904,1.10866,1.10903,1976.76000075787
20200122,19:30:00,1.10903,1.10934,1.10898,1.10918,1623.14000153542
20200122,20:00:00,1.10918,1.10928,1.10896,1.10901,1576.98999425024
20200122,20:30:00,1.109,1.10929,1.10893,1.10927,1625.25978965312
20200122,21:00:00,1.10929,1.10932,1.10913,1.10926,10308.7247870192
20200122,21:30:00,1.10927,1.10951,1.10912,1.1092,620.980001874268
20200122,22:00:00,1.1092,1.10954,1.1092,1.10927,306.389999896288
20200122,22:30:00,1.10927,1.10934,1.10918,1.10932,584.389999777079
20200122,23:00:00,1.10931,1.10958,1.10928,1.10951,693.580001622438
20200122,23:30:00,1.10952,1.10967,1.10942,1.10957,1068.3800021708
